,Dataset,Completeness,Accuracy,Consistency
0,pd_split_mapping.csv,0.22400596084806612,0.08862659480111892,0.052193491164631234
1,pd_split_recur.csv,1.0,0.22044074503650132,0.2480043665142935
2,pd_split_norm_len.csv,0.9951229424913636,0.21245821109367538,0.24534352186668487
3,pd_split_regex_recur.csv,0.9930908351960983,0.22685406290509655,0.7224534352186669
